# pattern,tag,weight
**/oracle-backend/cmd/app/main.go,auth,1.0
**/oracle-backend/cmd/app/*security*.go,auth,1.0
**/oracle-backend/internal/handlers/admin_ops.go,admin,1.0
**/oracle-backend/internal/handlers/store_batch.go,ingest,0.9
**/oracle-backend/internal/handlers/control_plane_records.go,admin,0.8
**/oracle-backend/internal/handlers/creative_hub.go,admin,0.7
**/oracle-backend/internal/handlers/dashboard_links.go,auth,0.7
**/cloudflare-worker/src/index.ts,auth,1.0
**/cloudflare-worker/src/downloads_do.ts,ingest,0.9
**/cloudflare-worker/src/dashboard/**,admin_ui,0.6
**/.github/workflows/*.yml,ci_security,0.5
**/*auth*.go,auth,0.7
**/*auth*.ts,auth,0.7
**/*secret*,secrets,1.0
**/*token*,secrets,0.8
**/*.pem,secrets,1.0
**/*.key,secrets,1.0
